{
    "appName": "MIFTEOC",
    "projectId": "8b81ca33-fac3-4d23-aa75-00c5d50d9d25",
    "solutionSettings": {
        "name": "fx-solution-azure",
        "version": "1.0.0",
        "hostType": "Azure",
        "azureResources": [],
        "capabilities": [
            "Tab",
            "TabSSO"
        ],
        "activeResourcePlugins": [
            "fx-resource-frontend-hosting",
            "fx-resource-identity",
            "fx-resource-aad-app-for-teams",
            "fx-resource-local-debug",
            "fx-resource-appstudio",
            "fx-resource-simple-auth"
        ]
    },
    "version": "1.0.0",
    "isFromSample": false,
    "programmingLanguage": "typescript"
}