<?xml version="1.0"?>
<pnp:Provisioning xmlns:pnp="http://schemas.dev.office.com/PnP/2021/03/ProvisioningSchema">
  <pnp:Preferences Generator="PnP.Framework, Version=1.8.3.0, Culture=neutral, PublicKeyToken=0d501f89f11b748c" />
  <pnp:Templates ID="CONTAINER-TEMPLATE-8315D078DB6D4FF9A32C5E2397D54645">
    <pnp:ProvisioningTemplate ID="TEMPLATE-8315D078DB6D4FF9A32C5E2397D54645" Version="1" BaseSiteTemplate="STS#3" Scope="RootSite">
      <pnp:Lists>            
       <pnp:ListInstance Title="TEOC-Config" Description="Use this list to configure the format of the Teams name created for each incident" DocumentTemplate="" TemplateType="100" Url="Lists/TEOCConfig" EnableVersioning="true" MinorVersionLimit="0" MaxVersionLimit="50" DraftVersionVisibility="0" TemplateFeatureID="00bfea71-de22-43b2-a848-c05709900100" EnableFolderCreation="false" DefaultDisplayFormUrl="{site}/Lists/TEOCConfig/DispForm.aspx" DefaultEditFormUrl="{site}/Lists/TEOCConfig/EditForm.aspx" DefaultNewFormUrl="{site}/Lists/TEOCConfig/NewForm.aspx" ImageUrl="/_layouts/15/images/itgen.png?rev=47" IrmExpire="false" IrmReject="false" IsApplicationList="false" ValidationFormula="" ValidationMessage="">
             <pnp:ContentTypeBindings>
            <pnp:ContentTypeBinding ContentTypeID="0x01" Default="true" />
            <pnp:ContentTypeBinding ContentTypeID="0x0120" />
          </pnp:ContentTypeBindings>
          <pnp:Views>
            <View Name="{02967936-92CF-4C84-93A0-CC1C026F7BAB}" DefaultView="TRUE" MobileView="TRUE" MobileDefaultView="TRUE" Type="HTML" DisplayName="All Items" Url="{site}/Lists/TEOCConfig/AllItems.aspx" Level="1" BaseViewID="1" ContentTypeID="0x" ImageUrl="/_layouts/15/images/generic.png?rev=47">
              <Query />
              <ViewFields>
                <FieldRef Name="Title" />                
                <FieldRef Name="Value" />
              </ViewFields>
              <RowLimit Paged="TRUE">30</RowLimit>
              <Aggregations Value="Off" />
              <JSLink>clienttemplates.js</JSLink>
              <CustomFormatter />
              <ViewData />
            </View>
          </pnp:Views>
          <pnp:Fields>
            <Field DisplayName="Value" Type="Note" Required="FALSE" ID="{51a1e44f-4e67-486a-bcdf-e13efdd07b36}" SourceID="{{listid:TEOC-Config}}" StaticName="Value" Name="Value" ColName="nvarchar5" RowOrdinal="0" Version="1" />
          </pnp:Fields>
          <pnp:Webhooks>
            <pnp:Webhook ServerNotificationUrl="https://southeastasia1-0.pushnp.svc.ms/notifications?token=4b912ca4-6d08-4c59-806c-cf8f8d7ecdf9" ExpiresInDays="1" />
          </pnp:Webhooks>
            <pnp:DataRows UpdateBehavior="Overwrite">
          <pnp:DataRow>
              <pnp:DataValue FieldName="Title">TeamNameConfig</pnp:DataValue>              
              <pnp:DataValue FieldName="Value">{"PrefixValue":"TEOC","Prefix":"1","IncidentName":"2","IncidentType":"3","StartDate":"4"}</pnp:DataValue>
          </pnp:DataRow>
          <pnp:DataRow>
              <pnp:DataValue FieldName="Title">EnableRoles</pnp:DataValue>              
              <pnp:DataValue FieldName="Value">False</pnp:DataValue>
          </pnp:DataRow>           
        </pnp:DataRows> 
       </pnp:ListInstance>
       <pnp:ListInstance Title="TEOC-RoleDefaultValues" Description="" DocumentTemplate="" TemplateType="100" Url="Lists/TEOCRoleDefaultValues" EnableVersioning="true" MinorVersionLimit="0" MaxVersionLimit="50" DraftVersionVisibility="0" TemplateFeatureID="00bfea71-de22-43b2-a848-c05709900100" EnableFolderCreation="false" DefaultDisplayFormUrl="{site}/Lists/TEOCRoleDefaultValues/DispForm.aspx" DefaultEditFormUrl="{site}/Lists/TEOCRoleDefaultValues/EditForm.aspx" DefaultNewFormUrl="{site}/Lists/TEOCRoleDefaultValues/NewForm.aspx" ImageUrl="/_layouts/15/images/itgen.png?rev=47" IrmExpire="false" IrmReject="false" IsApplicationList="false" ValidationFormula="" ValidationMessage="">
             <pnp:ContentTypeBindings>
            <pnp:ContentTypeBinding ContentTypeID="0x01" Default="true" />
            <pnp:ContentTypeBinding ContentTypeID="0x0120" />
          </pnp:ContentTypeBindings>
          <pnp:Views>
            <View Name="{72838c1f-e01c-4518-bc3e-4281a76f2f42}" DefaultView="TRUE" MobileView="TRUE" MobileDefaultView="TRUE" Type="HTML" DisplayName="All Items" Url="{site}/Lists/TEOCRoleDefaultValues/AllItems.aspx" Level="1" BaseViewID="1" ContentTypeID="0x" ImageUrl="/_layouts/15/images/generic.png?rev=47">
              <Query />
              <ViewFields>
                <FieldRef Name="Title" />                
                <FieldRef Name="Users" />
                <FieldRef Name="RoleLead" />
              </ViewFields>
              <RowLimit Paged="TRUE">30</RowLimit>
              <Aggregations Value="Off" />
              <JSLink>clienttemplates.js</JSLink>
              <CustomFormatter />
              <ViewData />
            </View>
          </pnp:Views>
          <pnp:Fields>
            <Field DisplayName="Users" Type="Note" Required="FALSE" ID="{37fd4499-e90e-4bac-8206-077682987263}" SourceID="{{listid:TEOC-RoleDefaultValues}}" StaticName="Users" Name="Users" ColName="nvarchar3" RowOrdinal="0" Version="1" />
            <Field DisplayName="RoleLead" Type="Note" Required="FALSE" ID="{8c116299-7bb1-47ab-b4c0-0f743d269948}" SourceID="{{listid:TEOC-RoleDefaultValues}}" StaticName="RoleLead" Name="RoleLead"/>
          </pnp:Fields>
       </pnp:ListInstance>
       <pnp:ListInstance Title="TEOC-IncidentTypeDefaultRoles" Description="" DocumentTemplate="" TemplateType="100" Url="Lists/TEOCIncidentTypeDefaultRoles" EnableVersioning="true" MinorVersionLimit="0" MaxVersionLimit="50" DraftVersionVisibility="0" TemplateFeatureID="00bfea71-de22-43b2-a848-c05709900100" EnableFolderCreation="false" DefaultDisplayFormUrl="{site}/Lists/TEOCIncidentTypeDefaultRoles/DispForm.aspx" DefaultEditFormUrl="{site}/Lists/TEOCIncidentTypeDefaultRoles/EditForm.aspx" DefaultNewFormUrl="{site}/Lists/TEOCIncidentTypeDefaultRoles/NewForm.aspx" ImageUrl="/_layouts/15/images/itgen.png?rev=47" IrmExpire="false" IrmReject="false" IsApplicationList="false" ValidationFormula="" ValidationMessage="">
             <pnp:ContentTypeBindings>
            <pnp:ContentTypeBinding ContentTypeID="0x01" Default="true" />
            <pnp:ContentTypeBinding ContentTypeID="0x0120" />
          </pnp:ContentTypeBindings>
          <pnp:Views>
            <View Name="{ac325d36-be63-436c-969a-008558afe1ed}" DefaultView="TRUE" MobileView="TRUE" MobileDefaultView="TRUE" Type="HTML" DisplayName="All Items" Url="{site}/Lists/TEOCIncidentTypeDefaultRoles/AllItems.aspx" Level="1" BaseViewID="1" ContentTypeID="0x" ImageUrl="/_layouts/15/images/generic.png?rev=47">
              <Query />
              <ViewFields>
                <FieldRef Name="Title" />                
                <FieldRef Name="RoleAssignment" />
                <FieldRef Name="RoleLeads" />
                <FieldRef Name="AdditionalChannels" />
                <FieldRef Name="CloudStorageLink" />              
              </ViewFields>
              <RowLimit Paged="TRUE">30</RowLimit>
              <Aggregations Value="Off" />
              <JSLink>clienttemplates.js</JSLink>
              <CustomFormatter />
              <ViewData />
            </View>
          </pnp:Views>
          <pnp:Fields>
            <Field DisplayName="RoleAssignment" Type="Note" Required="FALSE" ID="{276adc46-b4d8-40dd-8ddf-710285d47069}" SourceID="{{listid:TEOC-IncidentTypeDefaultRoles}}" StaticName="RoleAssignment" Name="RoleAssignment" ColName="nvarchar2" RowOrdinal="0" Version="1" />
            <Field DisplayName="RoleLeads" Type="Note" Required="FALSE" ID="{7a3a00aa-0250-4cce-a546-791ec5025128}" SourceID="{{listid:TEOC-IncidentTypeDefaultRoles}}" StaticName="RoleLeads" Name="RoleLeads"/>
            <Field DisplayName="AdditionalChannels" Type="Note" Required="FALSE" ID="{0d576882-9d78-494d-bd9f-044a183735a7}" SourceID="{{listid:TEOC-IncidentTypeDefaultRoles}}" StaticName="AdditionalChannels" Name="AdditionalChannels" ColName="nvarchar2" RowOrdinal="0" Version="1" />
            <Field DisplayName="CloudStorageLink" Type="Note" Required="FALSE" ID="{df32ec5d-2038-4b67-bb2a-b596f700c303}" SourceID="{{listid:TEOC-IncidentTypeDefaultRoles}}" StaticName="CloudStorageLink" Name="CloudStorageLink" ColName="nvarchar2" RowOrdinal="0" Version="1" /> 
          </pnp:Fields> 
       </pnp:ListInstance>
       <pnp:ListInstance Title="TEOC-IncidentTransaction" Description="" DocumentTemplate="" TemplateType="100" Url="Lists/TEOC-IncidentTransaction" EnableVersioning="true" MinorVersionLimit="0" MaxVersionLimit="50" DraftVersionVisibility="0" TemplateFeatureID="00bfea71-de22-43b2-a848-c05709900100" EnableFolderCreation="false" DefaultDisplayFormUrl="{site}/Lists/TEOC-IncidentTransaction/DispForm.aspx" DefaultEditFormUrl="{site}/Lists/TEOC-IncidentTransaction/EditForm.aspx" DefaultNewFormUrl="{site}/Lists/TEOC-IncidentTransaction/NewForm.aspx" ImageUrl="/_layouts/15/images/itgen.gif?rev=47" IrmExpire="false" IrmReject="false" IsApplicationList="false" ValidationFormula="" ValidationMessage="">
          <pnp:ContentTypeBindings>
            <pnp:ContentTypeBinding ContentTypeID="0x01" Default="true" />
            <pnp:ContentTypeBinding ContentTypeID="0x0120" />
          </pnp:ContentTypeBindings>
          <pnp:Views>
            <View Name="{AA0A97B3-B232-415E-A75E-5C5516E1E8C9}" DefaultView="TRUE" MobileView="TRUE" MobileDefaultView="TRUE" Type="HTML" DisplayName="All Items" Url="{site}/Lists/TEOC-IncidentTransaction/AllItems.aspx" Level="1" BaseViewID="1" ContentTypeID="0x" ImageUrl="/_layouts/15/images/generic.png?rev=47">
              <Query>
                <OrderBy>
                  <FieldRef Name="ID" />
                </OrderBy>
              </Query>
              <ViewFields>
                <FieldRef Name="LinkTitle" />
                <FieldRef Name="Description" />
                <FieldRef Name="IncidentName" />
                <FieldRef Name="IncidentType" />
                <FieldRef Name="Status" />
                <FieldRef Name="StartDateTime" />
                <FieldRef Name="IncidentCommander" />                
                <FieldRef Name="Location" />
                <FieldRef Name="RoleAssignment" />
                <FieldRef Name="RoleLeads" />
                <FieldRef Name="IncidentId" />
                <FieldRef Name="Severity" />
                <FieldRef Name="ReasonForUpdate" />
                <FieldRef Name="CloudStorageLink" />
              </ViewFields>
              <RowLimit Paged="TRUE">30</RowLimit>
              <JSLink>clienttemplates.js</JSLink>
            </View>
          </pnp:Views>
          <pnp:Fields>
            <Field DisplayName="Severity" Type="Text" Required="FALSE" EnforceUniqueValues="FALSE" Indexed="FALSE" MaxLength="255" ID="{1a7b870d-3c61-4bff-9920-73b68174e0fe}" SourceID="{{listid:TEOC-IncidentTransaction}}" StaticName="Severity" Name="Severity" ColName="nvarchar18" RowOrdinal="0" />
            <Field DisplayName="ReasonForUpdate" Type="Note" Required="FALSE" ID="{275f387a-2ed3-411a-a200-7187ab64782f}" SourceID="{{listid:TEOC-IncidentTransaction}}" StaticName="ReasonForUpdate" Name="ReasonForUpdate" ColName="nvarchar19" RowOrdinal="0" Version="1" />               
            <Field DisplayName="BridgeID" Type="Note" Required="FALSE" ID="{67fad31f-7dda-4f72-903c-d603081a9afc}" SourceID="{{listid:TEOC-IncidentTransaction}}" StaticName="BridgeID" Name="BridgeID" ColName="nvarchar20" RowOrdinal="0" Version="1" />
            <Field DisplayName="BridgeLink" Type="Note" Required="FALSE" ID="{dbe61549-2981-4da6-9536-59cbbc6587f5}" SourceID="{{listid:TEOC-IncidentTransaction}}" StaticName="BridgeLink" Name="BridgeLink" ColName="nvarchar21" RowOrdinal="0" Version="1" />
            <Field DisplayName="NewsTabLink" Type="Note" Required="FALSE" ID="{c6f0e6c5-9f35-4c2b-85d5-ae4c682372a9}" SourceID="{{listid:TEOC-IncidentTransaction}}" StaticName="NewsTabLink" Name="NewsTabLink" ColName="nvarchar22" RowOrdinal="0" Version="1" />
            <Field DisplayName="PlanID" Type="Note" Required="FALSE" ID="{7573bd78-d600-4aab-a0a6-0eaab04be0fa}" SourceID="{{listid:TEOC-IncidentTransaction}}" StaticName="PlanID" Name="PlanID" ColName="nvarchar23" RowOrdinal="0" Version="1" />
            <Field DisplayName="RoleLeads" Type="Note" Required="FALSE" ID="{ed99d759-68c6-4bd1-a167-2b3dc87a48b3}" SourceID="{{listid:TEOC-IncidentTransaction}}" StaticName="RoleLeads" Name="RoleLeads" ColName="nvarchar24" RowOrdinal="0" Version="1" />
            <Field DisplayName="CloudStorageLink" Type="Note" Required="FALSE" ID="{709bfe98-d2b6-4d99-bd45-29590b1ca07f}" SourceID="{{listid:TEOC-IncidentTransaction}}" StaticName="CloudStorageLink" Name="CloudStorageLink" ColName="nvarchar25" RowOrdinal="0" Version="1" /> 
            <Field DisplayName="Status" Type="Lookup" Required="FALSE" EnforceUniqueValues="FALSE" List="{listid:TEOC-IncidentStatus}" ShowField="Title" UnlimitedLengthInDocumentLibrary="FALSE" RelationshipDeleteBehavior="None" ID="{ca05aae9-7cbf-41a2-9d3c-6902dd0925bb}" SourceID="{{listid:TEOC-IncidentTransaction}}" StaticName="Status" Name="Status" ColName="int1" RowOrdinal="0" /> 
          </pnp:Fields>
       </pnp:ListInstance>
        <pnp:ListInstance Title="TEOC-UserRoles" Description="" DocumentTemplate="" TemplateType="100" Url="Lists/TEOCUserRoles" EnableVersioning="true" MinorVersionLimit="0" MaxVersionLimit="50" DraftVersionVisibility="0" TemplateFeatureID="00bfea71-de22-43b2-a848-c05709900100" EnableFolderCreation="false" DefaultDisplayFormUrl="{site}/Lists/TEOCUserRoles/DispForm.aspx" DefaultEditFormUrl="{site}/Lists/TEOCUserRoles/EditForm.aspx" DefaultNewFormUrl="{site}/Lists/TEOCUserRoles/NewForm.aspx" ImageUrl="/_layouts/15/images/itgen.png?rev=47" IrmExpire="false" IrmReject="false" IsApplicationList="false" ValidationFormula="" ValidationMessage="">
             <pnp:ContentTypeBindings>
            <pnp:ContentTypeBinding ContentTypeID="0x01" Default="true" />
            <pnp:ContentTypeBinding ContentTypeID="0x0120" />
          </pnp:ContentTypeBindings>
          <pnp:Views>
            <View Name="{7f139869-b045-4994-95a5-055bedbefb79}" DefaultView="TRUE" MobileView="TRUE" MobileDefaultView="TRUE" Type="HTML" DisplayName="All Items" Url="{site}/Lists/TEOCUserRoles/AllItems.aspx" Level="1" BaseViewID="1" ContentTypeID="0x" ImageUrl="/_layouts/15/images/generic.png?rev=47">
              <Query />
              <ViewFields>
                <FieldRef Name="LinkTitle" />   
                <FieldRef Name="Name" />             
                <FieldRef Name="Role" />
              </ViewFields>
              <RowLimit Paged="TRUE">30</RowLimit>
              <Aggregations Value="Off" />
              <JSLink>clienttemplates.js</JSLink>
              <CustomFormatter />
              <ViewData />
            </View>
          </pnp:Views>
          <pnp:Fields>
          <Field DisplayName="Email" Type="Text" Required="TRUE" ID="{fa564e0f-0c70-4ab9-b863-0177e6ddd247}"  SourceID="{{listid:TEOC-UserRoles}}"  StaticName="Title"  Name="Title"  Indexed="true" />
          <Field DisplayName="Name" Type="Text" Required="FALSE" ID="{26e07d70-173a-4a67-bbfa-47476092c913}" SourceID="{{listid:TEOC-UserRoles}}" StaticName="Name" Name="Name"/>
          <Field DisplayName="Role" Type="Choice" Required="FALSE" ID="{da789c76-bb5b-446a-a3dc-b5253486179d}" SourceID="{{listid:TEOC-UserRoles}}" StaticName="Role" Name="Role" >
            <CHOICES>
              <CHOICE>Admin</CHOICE>
            </CHOICES>
        </Field>
        </pnp:Fields> 
      </pnp:ListInstance>
  <pnp:ListInstance Title="TEOC-Tasks" Description="" DocumentTemplate="" OnQuickLaunch="true" TemplateType="100" Url="Lists/TEOC-Tasks" EnableVersioning="true" MinorVersionLimit="0" MaxVersionLimit="50" DraftVersionVisibility="0" TemplateFeatureID="00bfea71-de22-43b2-a848-c05709900100" EnableFolderCreation="false" DefaultDisplayFormUrl="{site}/Lists/TEOC-Tasks/DispForm.aspx" DefaultEditFormUrl="{site}/Lists/TEOC-Tasks/EditForm.aspx" DefaultNewFormUrl="{site}/Lists/TEOC-Tasks/NewForm.aspx" ImageUrl="/_layouts/15/images/itgen.png?rev=47" IrmExpire="false" IrmReject="false" IsApplicationList="false" ValidationFormula="" ValidationMessage="">
          <pnp:ContentTypeBindings>
            <pnp:ContentTypeBinding ContentTypeID="0x01" Default="true" />
            <pnp:ContentTypeBinding ContentTypeID="0x0120" />
          </pnp:ContentTypeBindings>
          <pnp:Views>
            <View Name="{F6AC00B6-5DCE-4195-B8DC-7E1922213046}" DefaultView="TRUE" MobileView="TRUE" MobileDefaultView="TRUE" Type="HTML" DisplayName="All Items" Url="{site}/Lists/TEOC-Tasks/AllItems.aspx" Level="1" BaseViewID="1" ContentTypeID="0x" ImageUrl="/_layouts/15/images/generic.png?rev=47">
              <Query />
              <ViewFields>
                <FieldRef Name="LinkTitle" />
                <FieldRef Name="IncidentType" />
              </ViewFields>
              <RowLimit Paged="TRUE">30</RowLimit>
              <JSLink>clienttemplates.js</JSLink>
            </View>
          </pnp:Views>
          <pnp:Fields>
            <Field Type="Lookup" DisplayName="IncidentType" Required="TRUE" EnforceUniqueValues="FALSE" List="{listid:TEOC-IncidentType}" ShowField="Title" UnlimitedLengthInDocumentLibrary="FALSE" RelationshipDeleteBehavior="None" ID="{24e5d015-aefe-4311-8c77-0fe99af84a56}" SourceID="{{listid:TEOC-Tasks}}" StaticName="IncidentType" Name="IncidentType" ColName="int1" RowOrdinal="0" Group="" Version="1" />
          </pnp:Fields>
          <pnp:FieldRefs>
            <pnp:FieldRef ID="fa564e0f-0c70-4ab9-b863-0177e6ddd247" Name="Title" Required="true" DisplayName="Task" />
            <pnp:FieldRef ID="76d13cd2-1bae-45a5-8b74-545b87b65037" Name="_ColorTag" DisplayName="Color Tag" />
          </pnp:FieldRefs>
          <pnp:Webhooks>
            <pnp:Webhook ServerNotificationUrl="https://japaneast0-0.pushnp.svc.ms/notifications?token=9c514e26-d3cf-40bd-b0f8-3fa2a0062f3a%2Fb!zs9_4fV_d0qocJpEhXQ5_DuWg3BquCJDopXji9mp8fGH9UR0t5INQJSS8TA8pFGD" ExpiresInDays="1" />
          </pnp:Webhooks>
        </pnp:ListInstance> 
      </pnp:Lists>
    </pnp:ProvisioningTemplate>
  </pnp:Templates>
</pnp:Provisioning>