<?xml version="1.0"?>
<pnp:Provisioning xmlns:pnp="http://schemas.dev.office.com/PnP/2021/03/ProvisioningSchema">
  <pnp:Preferences Generator="PnP.Framework, Version=1.8.3.0, Culture=neutral, PublicKeyToken=0d501f89f11b748c" />
  <pnp:Templates ID="CONTAINER-TEMPLATE-8315D078DB6D4FF9A32C5E2397D54645">
    <pnp:ProvisioningTemplate ID="TEMPLATE-8315D078DB6D4FF9A32C5E2397D54645" Version="1" BaseSiteTemplate="STS#3" Scope="RootSite">
      <pnp:Lists> 
  <pnp:ListInstance Title="TEOC-Tasks" Description="" DocumentTemplate="" OnQuickLaunch="true" TemplateType="100" Url="Lists/TEOC-Tasks" EnableVersioning="true" MinorVersionLimit="0" MaxVersionLimit="50" DraftVersionVisibility="0" TemplateFeatureID="00bfea71-de22-43b2-a848-c05709900100" EnableFolderCreation="false" DefaultDisplayFormUrl="{site}/Lists/TEOC-Tasks/DispForm.aspx" DefaultEditFormUrl="{site}/Lists/TEOC-Tasks/EditForm.aspx" DefaultNewFormUrl="{site}/Lists/TEOC-Tasks/NewForm.aspx" ImageUrl="/_layouts/15/images/itgen.png?rev=47" IrmExpire="false" IrmReject="false" IsApplicationList="false" ValidationFormula="" ValidationMessage="">
          <pnp:ContentTypeBindings>
            <pnp:ContentTypeBinding ContentTypeID="0x01" Default="true" />
            <pnp:ContentTypeBinding ContentTypeID="0x0120" />
          </pnp:ContentTypeBindings>
          <pnp:Views>
            <View Name="{F6AC00B6-5DCE-4195-B8DC-7E1922213046}" DefaultView="TRUE" MobileView="TRUE" MobileDefaultView="TRUE" Type="HTML" DisplayName="All Items" Url="{site}/Lists/TEOC-Tasks/AllItems.aspx" Level="1" BaseViewID="1" ContentTypeID="0x" ImageUrl="/_layouts/15/images/generic.png?rev=47">
              <Query />
              <ViewFields>
                <FieldRef Name="LinkTitle" />
                <FieldRef Name="IncidentType" />
              </ViewFields>
              <RowLimit Paged="TRUE">30</RowLimit>
              <JSLink>clienttemplates.js</JSLink>
            </View>
          </pnp:Views>
          <pnp:Fields>
            <Field Type="Lookup" DisplayName="IncidentType" Required="TRUE" EnforceUniqueValues="FALSE" List="{listid:TEOC-IncidentType}" ShowField="Title" UnlimitedLengthInDocumentLibrary="FALSE" RelationshipDeleteBehavior="None" ID="{24e5d015-aefe-4311-8c77-0fe99af84a56}" SourceID="{{listid:TEOC-Tasks}}" StaticName="IncidentType" Name="IncidentType" ColName="int1" RowOrdinal="0" Group="" Version="1" />
          </pnp:Fields>
          <pnp:FieldRefs>
            <pnp:FieldRef ID="fa564e0f-0c70-4ab9-b863-0177e6ddd247" Name="Title" Required="true" DisplayName="Task" />
            <pnp:FieldRef ID="76d13cd2-1bae-45a5-8b74-545b87b65037" Name="_ColorTag" DisplayName="Color Tag" />
          </pnp:FieldRefs>
          <pnp:Webhooks>
            <pnp:Webhook ServerNotificationUrl="https://japaneast0-0.pushnp.svc.ms/notifications?token=9c514e26-d3cf-40bd-b0f8-3fa2a0062f3a%2Fb!zs9_4fV_d0qocJpEhXQ5_DuWg3BquCJDopXji9mp8fGH9UR0t5INQJSS8TA8pFGD" ExpiresInDays="1" />
          </pnp:Webhooks>
        </pnp:ListInstance>       
      </pnp:Lists>
    </pnp:ProvisioningTemplate>
  </pnp:Templates>
</pnp:Provisioning>