{
  "$schema": "https://schema.management.azure.com/schemas/2019-04-01/deploymentParameters.json#",
  "contentVersion": "1.0.0.0",
  "parameters": {
    "baseResourceName": {
      "value": "kteoc" 
      // Ensure this resolves to the same base name as your existing resources
    },
    "ClientId": {
      "value": "{{STATE_AAD_CLIENT_ID}}"
      // This environment variable needs to be populated by an earlier step or manually
    },
    "ClientSecret": {
      "value": "{{SECRET_AAD_CLIENT_SECRET}}"
      // This environment variable needs to be populated by an earlier step or manually
    },
    "TenantId": {
      "value": "a4148783-f3ea-4e0b-a2d5-069fccceb69c"
    },
    "SharePointSiteName": {
      "value": "kteocdemo"
      // Replace with your actual SharePoint site name
    },
    "m365OauthAuthorityHost": {
      "value": "https://login.microsoftonline.com"
    },
    "GraphBaseUrl": {
      "value": "https://graph.microsoft.com/"
    },
    "location": {
      "value": "Australia Central"
    },
    "hostingPlanSku": {
      "value": "Standard"
    },
    "hostingPlanSize": {
      "value": "2"
    },
    "gitRepoUrl": {
      "value": "https://github.com/Chr15-Chrus/Custom_TEOC.git"
    },
    "gitBranch": {
      "value": "master"
    }
  }
}