{
    "incidentsList": "TEOC-IncidentTransaction",
    "assessmentsList": "TEOC-Assessments",
    "incStatusList": "TEOC-IncidentStatus",
    "incTypeList": "TEOC-IncidentType",
    "roleAssignmentList": "TEOC-RoleAssignments",
    "configurationList": "TEOC-Config",
    "roleDefaultList": "TEOC-RoleDefaultValues",
    "incidentTypeDefaultRolesList": "TEOC-IncidentTypeDefaultRoles",
    "userRolesList": "TEOC-UserRoles",
    "appTitle": "KPMG Teams Emergency Operations Center",
    "defaulTasksList": "TEOC-Tasks",
    "lists": [
        {
            "listName": "TEOC-Assessments",
            "listURL": "TEOCAssessments",
            "columns": [
                {
                    "name": "Contact Name",
                    "displayName": "Contact Name",
                    "text": {
                        "allowMultipleLines": false,
                        "maxLength": 255
                    }
                },
                {
                    "name": "ContactPhoneNumber",
                    "displayName": "Contact Phone Number",
                    "text": {
                        "allowMultipleLines": false,
                        "maxLength": 255
                    }
                },
                {
                    "name": "Location",
                    "displayName": "Location of the assessment",
                    "location": {}
                },
                {
                    "name": "EventCausedDamage",
                    "displayName": "What type of event caused the damage",
                    "choice": {
                        "choices": [
                            "Biological",
                            "Chemical",
                            "Coastal Storm",
                            "Dam/Levee Break",
                            "Drought",
                            "Earthquake",
                            "Explosion",
                            "Fire",
                            "Fishing Losses",
                            "Flood",
                            "Freezing",
                            "Human Cause",
                            "Hurricane",
                            "Mud/Landslide",
                            "Other",
                            "Severe Ice Storm",
                            "Severe Storm(s)",
                            "Snow",
                            "Terrorist",
                            "Tornado",
                            "Toxic Substances",
                            "Tsunami",
                            "Typhoon",
                            "Volcano"
                        ],
                        "displayAs": "dropDownMenu"
                    }
                },
                {
                    "name": "ImmediateNeedsRequired",
                    "displayName": "Are there any immediate need at the location",
                    "boolean": {}
                },
                {
                    "name": "MoreInformation",
                    "displayName": "Is there any additional information you would like to provide",
                    "text": {
                        "allowMultipleLines": true,
                        "appendChangesToExistingText": false,
                        "linesForEditing": 3,
                        "maxLength": 300,
                        "textType": "plain"
                    }
                },
                {
                    "name": "Status",
                    "displayName": "Status",
                    "choice": {
                        "choices": [
                            "New",
                            "Pending",
                            "Completed",
                            "Hold"
                        ],
                        "displayAs": "dropDownMenu"
                    }
                }
            ]
        }
    ]
}