{
  "$schema": "https://developer.microsoft.com/json-schemas/spfx-build/package-solution.schema.json",
  "solution": {
    "name": "eoc-extension-client-side-solution",
    "id": "4f41cd7d-e9e0-458d-9156-2b154edac0fc",
    "version": "1.0.0.0",
    "includeClientSideAssets": true,
    "skipFeatureDeployment": true,
    "isDomainIsolated": false,
    "developer": {
      "name": "",
      "websiteUrl": "",
      "privacyUrl": "",
      "termsOfUseUrl": "",
      "mpnId": "Undefined-1.13.0"
    },
    "webApiPermissionRequests": [
      {
        "resource": "Microsoft Graph",
        "scope": "ChannelSettings.Read.All"
      },
      {
        "resource": "Microsoft Graph",
        "scope": "ChannelMessage.Send"
      }
    ],
    "features": [
      {
        "title": "Application Extension - Deployment of custom action.",
        "description": "Deploys a custom action with ClientSideComponentId association",
        "id": "40adda97-d994-4dac-936f-04b2f86ffc94",
        "version": "1.0.0.0",
        "assets": {
          "elementManifests": [
            "elements.xml",
            "ClientSideInstance.xml"
          ]
        }
      }
    ]
  },
  "paths": {
    "zippedPackage": "solution/eoc-extension.sppkg"
  }
}